City_ID,City,Country,Date,Lat,Lng,Max Temp,Humidity,Cloudiness,Wind Speed
0,Bluff,NZ,2022-07-14 01:10:22,-46.6,168.3333,47.8,75,74,12.91
1,Mataura,NZ,2022-07-14 01:10:22,-46.1927,168.8643,47.48,89,41,5.01
2,Castro,BR,2022-07-14 01:10:23,-24.7911,-50.0119,52.79,96,100,8.63
3,Makakilo City,US,2022-07-14 01:10:23,21.3469,-158.0858,82.72,67,75,21.85
4,Hobart,AU,2022-07-14 01:10:23,-42.8794,147.3294,48.25,80,75,11.5
5,Port Alfred,ZA,2022-07-14 01:10:24,-33.5906,26.891,55.18,74,0,4.0
6,Mount Gambier,AU,2022-07-14 01:10:24,-37.8333,140.7667,52.7,73,100,2.26
7,Kapaa,US,2022-07-14 01:10:24,22.0752,-159.319,85.98,73,20,17.27
8,Nouadhibou,MR,2022-07-14 01:10:25,20.931,-17.0347,67.71,86,49,24.49
9,East London,ZA,2022-07-14 01:06:21,-33.0153,27.9116,57.99,73,0,9.42
10,Vaini,TO,2022-07-14 01:10:25,-21.2,-175.2,76.93,85,21,20.31
11,Ushuaia,AR,2022-07-14 01:10:25,-54.8,-68.3,33.46,80,40,8.05
12,Issoire,FR,2022-07-14 01:10:26,45.55,3.25,67.26,56,94,4.47
13,San Cristobal,VE,2022-07-14 01:06:24,7.7669,-72.225,73.58,88,77,2.55
14,Marawi,PH,2022-07-14 01:10:26,7.9986,124.2928,79.25,67,12,1.28
15,Cape Town,ZA,2022-07-14 01:10:26,-33.9258,18.4232,58.87,93,100,7.0
16,Lorengau,PG,2022-07-14 01:10:27,-2.0226,147.2712,85.33,67,26,6.62
17,Arawa,PG,2022-07-14 01:10:27,-6.2132,155.5367,88.0,62,57,4.88
18,Petropavlovsk-Kamchatskiy,RU,2022-07-14 01:10:27,53.0452,158.6483,68.59,73,20,11.18
19,Bambous Virieux,MU,2022-07-14 01:10:28,-20.3428,57.7575,65.21,74,97,17.72
20,Rikitea,PF,2022-07-14 01:10:28,-23.1203,-134.9692,70.14,81,98,9.28
21,El Rosario,MX,2022-07-14 01:10:28,24.2556,-107.1828,85.32,67,73,8.59
22,Bengkulu,ID,2022-07-14 01:10:29,-3.8004,102.2655,77.74,87,56,2.91
23,Narsaq,GL,2022-07-14 01:10:29,60.9167,-46.05,50.22,67,100,3.96
24,Alice Springs,AU,2022-07-14 01:07:50,-23.7,133.8833,49.55,57,0,10.36
25,Atuona,PF,2022-07-14 01:10:29,-9.8,-139.0333,77.77,74,30,19.66
26,Caravelas,BR,2022-07-14 01:10:30,-17.7125,-39.2481,70.25,92,6,4.29
27,Hermanus,ZA,2022-07-14 01:10:30,-34.4187,19.2345,59.81,86,83,16.31
28,Aksu,CN,2022-07-14 01:10:30,41.1231,80.2644,74.25,36,100,2.71
29,Pangnirtung,CA,2022-07-14 01:10:31,66.1451,-65.7125,46.45,84,92,3.02
30,Busselton,AU,2022-07-14 01:10:31,-33.65,115.3333,60.87,88,100,15.21
31,Butaritari,KI,2022-07-14 01:10:31,3.0707,172.7902,82.69,78,6,17.43
32,Kaitangata,NZ,2022-07-14 01:10:32,-46.2817,169.8464,46.09,85,96,9.08
33,Burgersdorp,ZA,2022-07-14 01:10:32,-30.9977,26.3286,42.44,53,0,4.9
34,Waddan,LY,2022-07-14 01:10:32,29.1614,16.139,71.56,61,0,7.92
35,Punta Arenas,CL,2022-07-14 01:09:38,-53.15,-70.9167,37.51,81,100,16.11
36,Isangel,VU,2022-07-14 01:10:33,-19.55,169.2667,84.31,79,75,9.22
37,Preobrazheniye,RU,2022-07-14 01:10:33,42.9019,133.9064,65.3,98,100,15.17
38,Kysyl-Syr,RU,2022-07-14 01:10:33,63.8986,122.7617,75.56,61,81,2.08
39,Ahipara,NZ,2022-07-14 01:10:34,-35.1667,173.1667,56.16,95,100,7.49
40,Belaya Gora,RU,2022-07-14 01:10:34,68.5333,146.4167,55.98,64,100,9.89
41,Victoria,HK,2022-07-14 01:06:43,22.2855,114.1577,89.26,81,93,1.99
42,Hasaki,JP,2022-07-14 01:10:34,35.7333,140.8333,79.2,83,100,12.59
43,Imeni Babushkina,RU,2022-07-14 01:10:35,59.7573,43.1285,57.25,97,16,4.79
44,Thompson,CA,2022-07-14 01:10:35,55.7435,-97.8558,80.35,33,0,10.33
45,Cabo San Lucas,MX,2022-07-14 01:10:35,22.8909,-109.9124,90.7,45,0,11.5
46,Avarua,CK,2022-07-14 01:11:36,-21.2078,-159.775,75.25,64,75,14.97
47,Baykit,RU,2022-07-14 01:11:36,61.67,96.37,53.55,92,100,1.45
48,Saint-Philippe,RE,2022-07-14 01:11:36,-21.3585,55.7679,64.22,80,68,11.01
49,Port Moresby,PG,2022-07-14 01:11:37,-9.4431,147.1797,76.42,83,100,23.02
50,Belyy Yar,RU,2022-07-14 01:11:37,53.6039,91.3903,58.89,72,0,2.24
51,Sedan,FR,2022-07-14 01:11:37,49.6667,5.0,61.81,77,38,3.67
52,Pastrana,PH,2022-07-14 01:11:38,11.1367,124.8856,85.01,71,83,2.71
53,Jamestown,US,2022-07-14 01:11:02,42.097,-79.2353,67.59,72,40,6.91
54,Coahuayana,MX,2022-07-14 01:11:11,18.7333,-103.6833,81.75,83,100,3.87
55,Abyek,IR,2022-07-14 01:11:38,36.0667,50.55,71.2,42,0,2.28
56,Torbay,CA,2022-07-14 01:11:38,47.6666,-52.7314,66.97,88,100,18.41
57,Hilo,US,2022-07-14 01:08:40,19.7297,-155.09,82.27,94,100,11.5
58,Souillac,MU,2022-07-14 01:11:07,-20.5167,57.5167,69.76,72,73,15.5
59,Albany,US,2022-07-14 01:11:39,42.6001,-73.9662,70.34,85,100,3.71
60,Barrow,US,2022-07-14 01:11:39,71.2906,-156.7887,42.82,70,0,16.11
61,Jiuquan,CN,2022-07-14 01:11:40,39.7432,98.5174,79.27,33,100,3.65
62,Pringsewu,ID,2022-07-14 01:11:40,-5.3582,104.9744,76.3,94,99,0.83
63,Oak Ridge,US,2022-07-14 01:07:44,36.0104,-84.2696,80.26,66,75,0.0
64,Sitka,US,2022-07-14 01:08:45,57.0531,-135.33,57.09,82,100,0.0
65,Hun,LY,2022-07-14 01:11:40,29.1268,15.9477,72.01,56,0,4.38
66,Vardo,NO,2022-07-14 01:11:41,70.3705,31.1107,51.78,100,100,8.05
67,New Norfolk,AU,2022-07-14 01:11:41,-42.7826,147.0587,47.91,73,100,3.2
68,Tiksi,RU,2022-07-14 01:11:41,71.6872,128.8694,40.05,91,92,8.19
69,Delray Beach,US,2022-07-14 01:10:04,26.4615,-80.0728,84.22,81,20,9.22
70,Nikolskoye,RU,2022-07-14 01:11:42,59.7035,30.7861,63.81,85,15,5.14
71,Pontianak,ID,2022-07-14 01:11:42,-0.0333,109.3333,76.98,88,20,4.61
72,Cherskiy,RU,2022-07-14 01:11:42,68.75,161.3,55.58,46,18,18.63
73,Buraydah,SA,2022-07-14 01:10:05,26.326,43.975,86.67,14,100,9.26
74,Pisco,PE,2022-07-14 01:11:43,-13.7,-76.2167,59.05,88,0,16.11
75,Margate,GB,2022-07-14 01:11:43,51.3813,1.3862,64.31,89,100,1.01
76,Sangar,RU,2022-07-14 01:11:43,63.9242,127.4739,68.74,71,100,7.63
77,Lompoc,US,2022-07-14 01:11:44,34.6391,-120.4579,80.02,76,0,13.8
78,Mackenzie,CA,2022-07-14 01:11:44,55.2999,-123.1698,62.82,48,75,9.22
79,Pevek,RU,2022-07-14 01:11:07,69.7008,170.3133,38.32,81,100,10.78
80,Komsomolskiy,UZ,2022-07-14 01:11:44,40.4272,71.7189,70.52,52,0,6.91
81,Morros,BR,2022-07-14 01:11:45,-9.4467,-46.3003,82.02,35,100,8.08
82,Georgetown,MY,2022-07-14 01:07:22,5.4112,100.3354,83.89,85,40,2.3
83,Airai,TL,2022-07-14 01:11:45,-8.9266,125.4092,62.78,64,99,4.29
84,Emerald,AU,2022-07-14 01:11:45,-23.5333,148.1667,57.34,54,0,12.55
85,Chokurdakh,RU,2022-07-14 01:11:46,70.6333,147.9167,53.94,45,3,10.31
86,Cayenne,GF,2022-07-14 01:09:07,4.9333,-52.3333,81.09,1,100,2.3
87,Walvis Bay,NA,2022-07-14 01:11:46,-22.9575,14.5053,54.09,77,0,12.41
88,Laizhou,CN,2022-07-14 01:11:46,37.1717,119.9214,84.4,68,39,3.27
89,Ancud,CL,2022-07-14 01:11:47,-41.8697,-73.8203,41.23,88,100,12.26
90,Port Elizabeth,ZA,2022-07-14 01:09:56,-33.918,25.5701,60.31,62,0,11.01
91,Mizdah,LY,2022-07-14 01:11:47,31.4451,12.9801,67.98,64,0,7.87
92,Yellowknife,CA,2022-07-14 01:11:48,62.456,-114.3525,60.57,59,100,8.97
93,Dali,CN,2022-07-14 01:11:17,25.7,100.1833,71.1,72,0,2.26
94,Grand-Santi,GF,2022-07-14 01:12:48,4.25,-54.3833,73.11,99,100,2.17
95,Poum,NC,2022-07-14 01:12:48,-20.2333,164.0167,74.66,62,100,17.11
96,Manjacaze,MZ,2022-07-14 01:12:49,-24.7117,33.8828,58.39,73,0,6.89
97,Clyde River,CA,2022-07-14 01:12:49,70.4692,-68.5914,43.47,75,83,6.26
98,Port Lincoln,AU,2022-07-14 01:12:49,-34.7333,135.8667,55.78,66,0,6.53
99,Tuatapere,NZ,2022-07-14 01:12:50,-46.1333,167.6833,45.14,83,83,8.97
100,Calama,CL,2022-07-14 01:12:50,-22.4667,-68.9333,44.64,50,35,3.96
101,Nalut,LY,2022-07-14 01:12:50,30.3333,10.85,77.4,30,0,12.44
102,Sibolga,ID,2022-07-14 01:12:50,1.7427,98.7792,79.05,88,100,2.82
103,Westport,US,2022-07-14 01:12:51,41.1415,-73.3579,80.44,62,0,5.75
104,High Level,CA,2022-07-14 01:12:51,58.5169,-117.136,59.11,72,75,4.61
105,Turukhansk,RU,2022-07-14 01:12:18,65.8167,87.9833,55.4,60,98,4.38
106,Lebu,CL,2022-07-14 01:12:35,-37.6167,-73.65,43.81,77,32,3.47
107,Skelleftea,SE,2022-07-14 01:12:52,64.7507,20.9528,57.99,100,100,2.3
108,Namatanai,PG,2022-07-14 01:12:52,-3.6667,152.4333,83.71,73,97,6.55
109,Bahir Dar,ET,2022-07-14 01:12:52,11.5936,37.3908,59.49,94,99,5.26
110,Lavrentiya,RU,2022-07-14 01:11:11,65.5833,-171.0,53.08,68,14,8.99
111,Gorontalo,ID,2022-07-14 01:12:53,0.5412,123.0595,81.3,84,69,0.65
112,Karratha,AU,2022-07-14 01:12:53,-20.7377,116.8463,68.61,37,100,15.39
113,Asau,RO,2022-07-14 01:12:53,46.4333,26.4,58.28,61,56,6.4
114,Tarauaca,BR,2022-07-14 01:11:17,-8.1614,-70.7656,79.81,69,100,0.49
115,Provideniya,RU,2022-07-14 01:12:54,64.3833,-173.3,57.36,77,75,11.18
116,Geraldton,AU,2022-07-14 01:12:54,-28.7667,114.6,61.21,94,75,10.36
117,Kodiak,US,2022-07-14 01:12:54,57.79,-152.4072,58.51,77,100,8.05
118,Juneau,US,2022-07-14 01:10:03,58.3019,-134.4197,59.22,84,100,10.36
119,Upernavik,GL,2022-07-14 01:12:55,72.7868,-56.1549,40.73,87,95,13.04
120,Belsand,IN,2022-07-14 01:12:55,26.45,85.4,88.41,63,100,11.43
121,Qaanaaq,GL,2022-07-14 01:12:55,77.484,-69.3632,38.79,96,100,6.49
122,Touros,BR,2022-07-14 01:12:56,-5.1989,-35.4608,74.86,88,40,12.03
123,Lengshuitan,CN,2022-07-14 01:12:56,26.4111,111.5956,86.74,69,53,7.87
124,Neiafu,TO,2022-07-14 01:12:56,-18.65,-173.9833,79.39,79,2,20.56
125,Bilibino,RU,2022-07-14 01:12:57,68.0546,166.4372,66.36,37,84,10.58
126,Dikson,RU,2022-07-14 01:12:57,73.5069,80.5464,44.71,70,98,4.29
127,Pacific Grove,US,2022-07-14 01:12:57,36.6177,-121.9166,73.02,81,75,9.22
128,Longyearbyen,SJ,2022-07-14 01:12:58,78.2186,15.6401,48.04,87,75,11.5
129,Sisophon,KH,2022-07-14 01:12:58,13.5859,102.9737,75.52,93,100,4.79
130,Tuktoyaktuk,CA,2022-07-14 01:12:58,69.4541,-133.0374,36.57,94,100,19.35
131,Chuy,UY,2022-07-14 01:12:36,-33.6971,-53.4616,46.0,86,0,9.55
132,Itarema,BR,2022-07-14 01:12:21,-2.9248,-39.9167,79.07,80,13,14.65
133,Madang,PG,2022-07-14 01:12:59,-5.2246,145.7966,84.22,72,100,3.47
134,Norman Wells,CA,2022-07-14 01:12:59,65.282,-126.8329,55.44,88,100,8.05
135,Palmer,US,2022-07-14 01:12:59,42.1584,-72.3287,76.55,74,12,1.03
136,Hofn,IS,2022-07-14 01:13:00,64.2539,-15.2082,50.85,81,100,10.09
137,Sao Filipe,CV,2022-07-14 01:13:00,14.8961,-24.4956,73.83,82,28,9.78
138,Roswell,US,2022-07-14 01:12:49,34.0232,-84.3616,79.39,90,20,0.0
139,Oktyabrskoye,RU,2022-07-14 01:14:01,43.0645,44.7417,66.74,68,73,3.24
140,Havoysund,NO,2022-07-14 01:14:01,70.9963,24.6622,55.63,94,100,4.9
141,Haines Junction,CA,2022-07-14 01:14:01,60.7522,-137.5108,62.19,56,44,7.47
142,Carutapera,BR,2022-07-14 01:14:01,-1.195,-46.02,76.48,88,72,7.67
143,Joshimath,IN,2022-07-14 01:14:02,30.5667,79.5667,70.95,89,81,0.47
144,Severo-Kurilsk,RU,2022-07-14 01:14:02,50.6789,156.125,55.22,91,100,3.11
145,Port-Gentil,GA,2022-07-14 01:14:03,-0.7193,8.7815,73.2,83,71,11.61
146,Saint George,US,2022-07-14 01:11:53,37.1041,-113.5841,89.29,35,83,17.85
147,Harper,LR,2022-07-14 01:14:03,4.375,-7.7169,75.79,80,89,8.99
148,Saskylakh,RU,2022-07-14 01:14:03,71.9167,114.0833,47.8,58,100,10.27
149,Benguela,AO,2022-07-14 01:14:04,-12.5763,13.4055,67.46,88,6,0.98
150,Berlevag,NO,2022-07-14 01:11:08,70.8578,29.0864,57.2,98,100,14.81
151,Puerto Ayora,EC,2022-07-14 01:14:04,-0.7393,-90.3518,68.56,98,44,1.99
152,Hoquiam,US,2022-07-14 01:14:04,46.9809,-123.8893,72.84,69,0,16.11
153,Laguna,US,2022-07-14 01:14:05,38.421,-121.4238,97.45,29,0,9.22
154,Bredasdorp,ZA,2022-07-14 01:12:40,-34.5322,20.0403,59.2,76,95,16.6
155,Bima,ID,2022-07-14 01:14:05,-8.4667,118.7167,80.46,65,98,6.46
156,Kimbe,PG,2022-07-14 01:11:09,-5.5502,150.1429,90.1,55,100,6.4
157,Muros,ES,2022-07-14 01:12:17,42.7762,-9.0603,73.83,78,46,8.08
158,Tasiilaq,GL,2022-07-14 01:14:06,65.6145,-37.6368,37.26,79,3,6.04
159,Iskateley,RU,2022-07-14 01:14:06,67.6803,53.1512,62.56,88,27,10.94
160,Sao Francisco,BR,2022-07-14 01:14:06,-15.9486,-44.8644,70.99,46,100,5.14
161,Husavik,IS,2022-07-14 01:14:07,66.0449,-17.3389,48.29,70,100,6.35
162,Jiaozuo,CN,2022-07-14 01:14:07,35.2397,113.2331,86.61,61,57,2.15
163,Vilyuysk,RU,2022-07-14 01:14:07,63.7553,121.6247,71.44,72,17,3.76
164,Busayra,JO,2022-07-14 01:14:08,30.7376,35.6078,63.63,65,27,4.18
165,Vila Franca Do Campo,PT,2022-07-14 01:13:31,37.7167,-25.4333,68.2,87,100,10.27
166,Gravdal,NO,2022-07-14 01:14:08,68.1214,13.5031,52.34,87,100,6.13
167,Muravlenko,RU,2022-07-14 01:14:09,63.7898,74.523,59.5,54,100,7.0
168,Ust-Tsilma,RU,2022-07-14 01:14:09,65.441,52.1498,69.96,64,50,2.98
169,Vila Velha,BR,2022-07-14 01:14:00,-20.3297,-40.2925,73.35,86,40,3.44
170,San Patricio,US,2022-07-14 01:14:09,28.017,-97.5169,90.54,55,1,15.68
171,Khash,IR,2022-07-14 01:14:10,28.2211,61.2158,73.81,21,19,2.77
172,Mar Del Plata,AR,2022-07-14 01:13:29,-38.0023,-57.5575,50.09,82,0,11.99
173,Jos,NG,2022-07-14 01:14:10,9.9167,8.9,65.68,87,100,2.46
174,Labuhan,ID,2022-07-14 01:14:11,-6.8844,112.2051,77.43,87,100,6.2
175,Ucluelet,CA,2022-07-14 01:14:11,48.9329,-125.5528,63.09,81,12,5.01
176,Saint Stephen,GB,2022-07-14 01:14:11,50.3333,-4.9,59.27,77,83,10.36
177,Bongor,TD,2022-07-14 01:14:12,10.2806,15.3722,73.83,78,100,4.94
178,Marang,MY,2022-07-14 01:14:12,5.2056,103.2059,80.6,83,91,4.18
179,Pinos,MX,2022-07-14 01:14:12,22.3,-101.5667,65.32,50,62,19.75
180,Karpogory,RU,2022-07-14 01:14:13,64.0019,44.4451,63.25,91,64,3.89
181,Aklavik,CA,2022-07-14 01:14:13,68.2191,-135.0107,41.9,74,97,23.53
182,Pecos,US,2022-07-14 01:14:14,31.4229,-103.4932,86.09,42,0,10.36
183,Kathu,TH,2022-07-14 01:14:14,7.9178,98.3332,82.22,81,93,13.89
184,Pangai,TO,2022-07-14 01:14:15,-19.8,-174.35,78.24,81,0,19.53
185,Arraial Do Cabo,BR,2022-07-14 01:11:09,-22.9661,-42.0278,70.43,92,100,15.14
186,Tombouctou,ML,2022-07-14 01:12:23,20.0,-3.0,95.49,24,0,8.9
187,Hearst,CA,2022-07-14 01:15:15,49.6835,-83.6665,61.05,65,10,4.03
188,Khatanga,RU,2022-07-14 01:15:16,71.9667,102.5,44.83,79,100,9.22
189,Verkhnyaya Inta,RU,2022-07-14 01:15:16,65.9811,60.3094,68.02,81,45,3.2
190,Ulaangom,MN,2022-07-14 01:15:16,49.9811,92.0667,58.33,53,100,6.42
191,Sherlovaya Gora,RU,2022-07-14 01:15:17,50.5667,116.25,66.02,70,44,10.49
192,Kjollefjord,NO,2022-07-14 01:15:17,70.9457,27.3465,57.02,100,100,3.44
193,Iqaluit,CA,2022-07-14 01:15:17,63.7506,-68.5145,40.73,86,75,8.05
194,Nyurba,RU,2022-07-14 01:15:18,63.2842,118.3319,67.55,63,22,5.08
195,Coquimbo,CL,2022-07-14 01:15:18,-29.9533,-71.3436,55.13,87,75,9.22
196,Gualeguaychu,AR,2022-07-14 01:15:19,-33.0094,-58.5172,46.98,87,1,9.57
197,Gediz,TR,2022-07-14 01:15:19,39.0417,29.41,57.09,85,0,7.83
198,Ilebo,CD,2022-07-14 01:15:19,-4.3167,20.5833,70.09,42,7,2.08
199,Lagoa,PT,2022-07-14 01:15:20,39.05,-27.9833,68.5,93,100,12.15
200,Mastic Beach,US,2022-07-14 01:15:20,40.7668,-72.8521,77.99,81,0,8.99
201,Artyom,AZ,2022-07-14 01:15:21,40.4723,50.333,75.34,70,5,7.29
202,Havre-Saint-Pierre,CA,2022-07-14 01:15:21,50.2334,-63.5986,59.0,82,0,4.61
203,Tadine,NC,2022-07-14 01:15:21,-21.55,167.8833,76.32,83,63,14.76
204,Mahebourg,MU,2022-07-14 01:15:02,-20.4081,57.7,68.29,83,75,12.66
205,Luderitz,NA,2022-07-14 01:15:22,-26.6481,15.1594,55.36,57,0,14.14
206,Avanigadda,IN,2022-07-14 01:15:22,16.0215,80.9181,78.01,75,97,10.18
207,Carnarvon,AU,2022-07-14 01:15:22,-24.8667,113.6333,68.68,76,0,9.84
208,Emborion,GR,2022-07-14 01:15:23,40.4833,21.55,59.36,65,0,4.03
209,Chaves,US,2022-07-14 01:15:23,33.3834,-104.4505,99.01,20,0,5.75
210,Vila,PT,2022-07-14 01:15:24,42.0304,-8.1588,81.48,32,86,4.99
211,Ponta Do Sol,PT,2022-07-14 01:15:24,32.6667,-17.1,68.0,76,24,3.83
212,Takoradi,GH,2022-07-14 01:15:25,4.8845,-1.7554,75.04,86,100,9.26
213,Dehui,CN,2022-07-14 01:15:25,44.5333,125.7,65.57,98,100,5.97
214,Ossora,RU,2022-07-14 01:15:25,59.2353,163.0719,73.31,64,47,4.9
215,Qui Nhon,VN,2022-07-14 01:12:10,13.7667,109.2333,81.59,78,76,5.14
216,Morrope,PE,2022-07-14 01:15:26,-6.5417,-80.0111,62.35,83,27,14.54
217,Cidreira,BR,2022-07-14 01:11:15,-30.1811,-50.2056,57.87,80,0,21.25
218,Salinopolis,BR,2022-07-14 01:15:26,-0.6136,-47.3561,77.76,89,85,12.8
219,Kentville,CA,2022-07-14 01:15:27,45.0835,-64.4988,69.82,77,17,2.3
220,Krasnoarmeysk,RU,2022-07-14 01:15:27,51.0239,45.6969,65.46,89,100,1.74
221,Fairbanks,US,2022-07-14 01:15:02,64.8378,-147.7164,66.02,55,75,10.36
222,Aswan,EG,2022-07-14 01:15:27,24.0934,32.907,85.55,24,96,14.45
223,Kargil,IN,2022-07-14 01:15:28,34.5667,76.1,54.0,66,58,5.97
224,Chicama,PE,2022-07-14 01:12:16,-7.8447,-79.1469,59.54,84,46,7.09
225,Ypsonas,CY,2022-07-14 01:15:28,34.6884,32.9574,81.28,83,0,9.22
226,Haimen,CN,2022-07-14 01:15:28,23.1935,116.6142,87.69,74,45,4.05
227,Jiayuguan,CN,2022-07-14 01:15:29,39.8167,98.3,75.61,35,100,5.57
228,Pochutla,MX,2022-07-14 01:15:29,15.7432,-96.4661,84.02,86,100,1.72
229,Kinshasa,CD,2022-07-14 01:14:04,-4.3246,15.3215,70.25,78,34,3.71
230,Zeya,RU,2022-07-14 01:15:30,53.75,127.2667,80.49,52,88,3.29
231,Mehamn,NO,2022-07-14 01:15:30,71.0357,27.8492,57.15,100,100,3.44
232,Zhangye,CN,2022-07-14 01:15:30,38.9342,100.4517,79.43,37,100,0.74
233,Guerrero Negro,MX,2022-07-14 01:16:31,27.9769,-114.0611,68.9,74,0,21.03
234,Riyadh,SA,2022-07-14 01:14:17,24.6877,46.7219,87.94,11,42,10.2
235,Ketchikan,US,2022-07-14 01:12:27,55.3422,-131.6461,55.87,94,100,11.5
236,San Rafael,AR,2022-07-14 01:16:31,-34.6177,-68.3301,45.09,45,2,4.54
237,Kahului,US,2022-07-14 01:16:31,20.8947,-156.47,87.82,69,40,25.32
238,Acajutla,SV,2022-07-14 01:16:32,13.5928,-89.8275,80.82,82,99,3.49
239,Okha,RU,2022-07-14 01:16:32,53.5739,142.9478,60.3,81,38,14.23
240,Gazanjyk,TM,2022-07-14 01:16:32,39.2446,55.5154,79.03,27,0,2.86
241,Fortuna,US,2022-07-14 01:16:33,40.5982,-124.1573,64.9,75,0,5.01
242,Praia,CV,2022-07-14 01:16:33,14.9215,-23.5087,75.74,73,20,12.66
243,Gimli,CA,2022-07-14 01:16:33,50.6336,-96.9907,77.02,50,10,4.61
244,Maceio,BR,2022-07-14 01:12:52,-9.6658,-35.7353,71.04,88,40,2.3
245,Kruisfontein,ZA,2022-07-14 01:16:34,-34.0033,24.7314,48.88,60,0,8.55
246,Yar-Sale,RU,2022-07-14 01:16:34,66.8333,70.8333,55.58,79,77,6.96
247,Sao Joao Da Barra,BR,2022-07-14 01:16:34,-21.6403,-41.0511,69.73,93,43,7.47
248,Alofi,NU,2022-07-14 01:16:35,-19.0595,-169.9187,82.29,61,75,16.11
249,Kavaratti,IN,2022-07-14 01:16:35,10.5669,72.642,81.48,81,100,20.22
250,Bull Savanna,JM,2022-07-14 01:16:35,17.8868,-77.5902,76.64,85,36,5.26
251,Butembo,CD,2022-07-14 01:16:36,0.15,29.2833,56.62,81,100,2.73
252,Gympie,AU,2022-07-14 01:16:36,-26.1898,152.665,58.91,52,0,7.7
253,Agutaya,PH,2022-07-14 01:16:36,11.148,120.9417,83.59,78,97,14.2
254,Yarmouth,US,2022-07-14 01:16:37,41.7057,-70.2286,76.14,85,0,5.75
255,Puerto Ayacucho,VE,2022-07-14 01:16:37,5.6639,-67.6236,75.69,91,100,2.51
256,Mandalgovi,MN,2022-07-14 01:16:37,45.7625,106.2708,70.59,34,100,14.0
257,Bethel,US,2022-07-14 01:16:38,41.3712,-73.414,78.67,72,83,1.48
258,Northam,GB,2022-07-14 01:16:38,51.0333,-4.2167,58.6,83,20,12.15
259,Zalesovo,RU,2022-07-14 01:16:38,53.9939,84.7431,56.21,59,100,2.86
260,Yagoua,CM,2022-07-14 01:16:39,10.3411,15.2329,74.16,78,100,5.32
261,Sechura,PE,2022-07-14 01:16:39,-5.5569,-80.8222,64.67,78,6,15.41
262,Hithadhoo,MV,2022-07-14 01:13:30,-0.6,73.0833,83.08,74,26,13.0
263,Tucuman,AR,2022-07-14 01:16:39,-26.8241,-65.2226,42.8,81,0,6.91
264,Broken Hill,AU,2022-07-14 01:16:40,-31.95,141.4333,49.17,59,0,8.16
265,Altay,CN,2022-07-14 01:16:40,47.8667,88.1167,62.17,57,98,2.82
266,Duki,PK,2022-07-14 01:16:40,30.1541,68.5728,80.46,68,11,4.43
267,Moose Factory,CA,2022-07-14 01:16:41,51.2585,-80.6094,59.0,71,0,6.91
268,Camopi,GF,2022-07-14 01:16:41,3.1655,-52.3158,71.44,99,100,2.19
269,Kattivakkam,IN,2022-07-14 01:16:41,13.2167,80.3167,83.07,74,32,17.38
270,Grindavik,IS,2022-07-14 01:16:42,63.8424,-22.4338,46.87,93,75,10.36
271,Changying,CN,2022-07-14 01:16:42,52.8733,123.3213,64.69,92,100,3.11
272,Matara,LK,2022-07-14 01:16:42,5.9485,80.5353,77.81,85,19,12.82
273,Kaseda,JP,2022-07-14 01:16:43,31.4167,130.3167,83.12,82,91,10.0
274,Kahramanmaras,TR,2022-07-14 01:16:43,38.0,37.0,59.36,70,0,7.09
275,Atasu,KZ,2022-07-14 01:14:42,48.6814,71.6433,68.56,43,0,4.92
276,Richards Bay,ZA,2022-07-14 01:16:43,-28.783,32.0377,61.02,41,0,3.69
277,Constitucion,CL,2022-07-14 01:17:44,-35.3333,-72.4167,43.65,92,100,10.18
278,Goderich,CA,2022-07-14 01:17:44,43.7501,-81.7165,63.91,88,6,4.61
279,Nuuk,GL,2022-07-14 01:17:44,64.1835,-51.7216,52.41,66,6,9.22
280,Faya,SA,2022-07-14 01:17:45,18.3851,42.4509,64.92,60,88,5.99
281,Codrington,AU,2022-07-14 01:17:45,-38.2667,141.9667,52.18,75,100,7.05
282,Umm Lajj,SA,2022-07-14 01:17:45,25.0213,37.2685,83.39,73,36,8.1
283,Hamilton,US,2022-07-14 01:14:42,39.1834,-84.5333,81.23,62,20,6.91
284,Tunceli,TR,2022-07-14 01:17:46,39.1083,39.5471,68.0,68,0,5.68
285,Sosnovoborsk,RU,2022-07-14 01:17:46,56.1325,93.3589,55.22,78,63,3.74
286,Zhanaozen,KZ,2022-07-14 01:17:46,43.3,52.8,82.8,29,0,10.74
287,Atambua,ID,2022-07-14 01:17:47,-9.1061,124.8925,75.33,59,95,6.08
288,Buala,SB,2022-07-14 01:17:47,-8.145,159.5921,85.33,60,48,5.08
289,Sao Joaquim Da Barra,BR,2022-07-14 01:17:47,-20.5814,-47.8547,69.24,41,10,4.94
290,Saint-Pierre,RE,2022-07-14 01:17:48,-21.3393,55.4781,65.91,82,75,11.5
291,Warren,US,2022-07-14 01:13:51,39.4334,-84.1666,79.81,80,40,9.22
292,Serenje,ZM,2022-07-14 01:17:48,-13.2325,30.2352,55.08,74,100,10.0
293,Svetlogorsk,BY,2022-07-14 01:17:48,52.6333,29.7333,54.09,98,100,6.73
294,Wanning,CN,2022-07-14 01:17:49,18.8003,110.3967,83.26,84,90,4.47
295,Njombe,TZ,2022-07-14 01:17:49,-9.3333,34.7667,45.36,92,2,4.12
296,Esperance,AU,2022-07-14 01:17:49,-33.8667,121.9,61.43,44,75,22.86
297,Ribeira Grande,PT,2022-07-14 01:17:50,38.5167,-28.7,69.78,94,100,12.28
298,Banda Aceh,ID,2022-07-14 01:17:50,5.5577,95.3222,81.23,80,100,9.48
299,Russell,US,2022-07-14 01:17:50,32.3502,-85.1999,79.88,84,100,4.94
300,Nanyang,CN,2022-07-14 01:17:51,32.9947,112.5328,90.28,62,100,6.15
301,Wenling,CN,2022-07-14 01:17:51,28.3669,121.36,84.11,70,100,8.21
302,Chiang Klang,TH,2022-07-14 01:17:51,19.2938,100.8617,77.97,95,99,0.83
303,Ust-Omchug,RU,2022-07-14 01:17:52,61.15,149.6333,75.74,51,94,3.31
304,Leh,IN,2022-07-14 01:17:52,34.1667,77.5833,58.33,61,79,5.93
305,Tautira,PF,2022-07-14 01:17:52,-17.7333,-149.15,76.86,70,97,17.09
306,Fort Nelson,CA,2022-07-14 01:15:14,58.8053,-122.7002,63.99,48,75,3.44
307,Storsteinnes,NO,2022-07-14 01:17:53,69.2408,19.2344,56.05,93,83,1.36
308,Tema,GH,2022-07-14 01:17:53,5.667,-0.0166,77.41,88,40,8.05
309,Lazaro Cardenas,MX,2022-07-14 01:17:53,17.9583,-102.2,80.91,80,100,6.49
310,Yumen,CN,2022-07-14 01:17:54,40.2833,97.2,73.13,33,100,7.02
311,Hokitika,NZ,2022-07-14 01:17:54,-42.7167,170.9667,54.05,70,15,4.03
312,Ilulissat,GL,2022-07-14 01:17:54,69.2167,-51.1,46.42,81,71,4.61
313,Aranos,NA,2022-07-14 01:17:55,-24.1333,19.1167,53.31,33,0,5.61
314,Zambezi,ZM,2022-07-14 01:17:55,-13.5432,23.1047,49.37,66,2,4.23
315,Chachapoyas,PE,2022-07-14 01:17:55,-6.2317,-77.869,53.24,93,95,2.19
316,Aykhal,RU,2022-07-14 01:17:56,66.0,111.5,52.92,64,100,7.96
317,Tilichiki,RU,2022-07-14 01:17:56,60.4667,166.1,70.63,63,44,6.17
318,Anadyr,RU,2022-07-14 01:17:56,64.75,177.4833,59.5,77,75,0.0
319,Ostrovnoy,RU,2022-07-14 01:17:56,68.0531,39.5131,61.77,88,7,7.7
320,Alaca,TR,2022-07-14 01:17:57,40.1683,34.8425,54.9,88,1,4.79
321,Nanortalik,GL,2022-07-14 01:17:57,60.1432,-45.2371,46.58,73,100,3.94
322,Necochea,AR,2022-07-14 01:17:57,-38.5473,-58.7368,47.95,59,100,7.4
323,Tromso,NO,2022-07-14 01:18:58,69.6496,18.957,53.62,87,100,6.91
324,Esperantinopolis,BR,2022-07-14 01:18:58,-4.8667,-44.7083,74.44,78,43,1.66
325,Kununurra,AU,2022-07-14 01:18:59,-15.7667,128.7333,69.78,24,12,17.27
326,Itoman,JP,2022-07-14 01:18:59,26.1247,127.6694,87.82,79,75,5.75
327,Balkanabat,TM,2022-07-14 01:18:59,39.5108,54.3671,88.07,21,0,6.76
328,Jalu,LY,2022-07-14 01:19:00,29.0331,21.5482,78.71,39,0,12.91
329,Yen Bai,VN,2022-07-14 01:19:00,21.7,104.8667,81.81,85,58,2.26
330,Sabya,SA,2022-07-14 01:19:00,17.1495,42.6254,85.62,75,52,4.32
331,Broome,US,2022-07-14 01:19:01,42.2506,-75.833,68.67,92,20,5.75
332,Nocupetaro,MX,2022-07-14 01:19:01,19.05,-101.15,76.6,84,84,1.52
333,Kaz,RU,2022-07-14 01:19:01,52.9113,87.3105,55.24,64,83,2.8
334,Coihaique,CL,2022-07-14 01:19:02,-45.5752,-72.0662,30.15,93,0,0.0
335,Rock Springs,US,2022-07-14 01:18:40,41.5875,-109.2029,83.64,29,20,13.8
336,Makungu,TZ,2022-07-14 01:19:02,-8.7333,35.2833,52.79,89,4,3.0
337,Huarmey,PE,2022-07-14 01:19:03,-10.0681,-78.1522,61.84,84,85,11.9
338,Praia Da Vitoria,PT,2022-07-14 01:17:52,38.7333,-27.0667,70.75,94,75,11.74
339,Champerico,GT,2022-07-14 01:19:03,14.3,-91.9167,81.72,78,94,1.45
340,Omboue,GA,2022-07-14 01:19:03,-1.5746,9.2618,69.51,94,11,5.84
341,Arlit,NE,2022-07-14 01:19:04,18.7369,7.3853,92.64,16,98,14.23
342,Diadema,BR,2022-07-14 01:19:04,-23.6861,-46.6228,62.11,91,75,9.22
343,Penzance,GB,2022-07-14 01:19:04,50.1186,-5.5371,57.88,77,87,16.53
344,Camacha,PT,2022-07-14 01:19:05,33.0833,-16.3333,62.02,82,20,0.0
345,Khanpur,PK,2022-07-14 01:19:05,28.6453,70.6567,81.43,77,100,14.74
346,Derbent,RU,2022-07-14 01:19:05,42.0678,48.2899,75.87,59,0,7.49
347,Beringovskiy,RU,2022-07-14 01:15:55,63.05,179.3167,50.18,87,100,6.98
348,Tenango,MX,2022-07-14 01:19:06,18.65,-98.1833,75.24,61,100,3.29
349,Phan Thiet,VN,2022-07-14 01:19:06,10.9333,108.1,78.33,85,100,10.11
350,Sorland,NO,2022-07-14 01:19:06,67.667,12.6934,51.66,87,100,7.7
351,Okhotsk,RU,2022-07-14 01:19:07,59.3833,143.3,67.05,82,99,4.83
352,Porosozero,RU,2022-07-14 01:19:07,62.7191,32.727,54.21,82,3,4.79
353,Leningradskiy,RU,2022-07-14 01:19:07,69.3833,178.4167,40.66,77,93,9.91
354,Tual,ID,2022-07-14 01:19:08,-5.6667,132.75,79.27,82,69,26.46
355,Valdivia,CL,2022-07-14 01:19:08,-39.8142,-73.2459,35.69,99,99,2.06
356,Haltern,DE,2022-07-14 01:19:08,51.743,7.1816,64.2,84,98,4.23
357,Dubbo,AU,2022-07-14 01:19:09,-32.25,148.6167,51.93,62,0,8.05
358,Helong,CN,2022-07-14 01:19:09,42.5397,128.9972,64.13,98,100,3.11
359,Boa Vista,BR,2022-07-14 01:19:10,2.8197,-60.6733,80.58,74,0,5.75
360,Acapulco,MX,2022-07-14 01:19:10,16.8634,-99.8901,84.02,70,75,3.44
361,Kongoussi,BF,2022-07-14 01:19:10,13.3258,-1.5347,85.62,52,100,8.01
362,Khani,GE,2022-07-14 01:19:11,41.9563,42.9566,60.37,97,99,0.83
363,Faanui,PF,2022-07-14 01:19:11,-16.4833,-151.75,78.26,71,78,20.11
364,Andenes,NO,2022-07-14 01:18:46,69.3143,16.1194,53.58,94,100,9.22
365,Shache,CN,2022-07-14 01:19:11,38.4167,77.2406,74.71,40,100,6.78
366,Camocim,BR,2022-07-14 01:19:12,-2.9022,-40.8411,78.6,81,18,14.56
367,Shingu,JP,2022-07-14 01:19:12,33.7333,135.9833,80.49,75,100,2.62
368,Usinsk,RU,2022-07-14 01:19:12,65.9939,57.5281,69.8,70,31,5.19
369,Sioux Lookout,CA,2022-07-14 01:15:15,50.1001,-91.917,71.67,53,20,2.3
370,The Valley,AI,2022-07-14 01:19:13,18.217,-63.0578,82.26,73,100,20.27
371,Consett,GB,2022-07-14 01:20:13,54.854,-1.8316,55.96,76,100,9.44
372,Aljezur,PT,2022-07-14 01:20:14,37.3191,-8.8033,74.07,65,98,5.46
373,Bonthe,SL,2022-07-14 01:20:14,7.5264,-12.505,75.61,90,100,7.0
374,Porto Velho,BR,2022-07-14 01:16:44,-8.7619,-63.9039,78.85,69,0,2.3
375,Merauke,ID,2022-07-14 01:20:15,-8.4667,140.3333,78.44,72,100,15.75
376,Lufilufi,WS,2022-07-14 01:20:15,-13.8745,-171.5986,81.79,79,43,23.2
377,Stornoway,GB,2022-07-14 01:20:15,58.2093,-6.3865,50.94,92,100,3.44
378,Rovnoye,RU,2022-07-14 01:20:16,50.7765,46.0509,67.59,87,100,7.27
379,Isla Vista,US,2022-07-14 01:20:16,34.4133,-119.861,92.37,59,0,8.05
380,Rybinsk,RU,2022-07-14 01:20:17,58.0446,38.8426,55.35,84,6,5.88
381,Huilong,CN,2022-07-14 01:20:17,31.8111,121.655,89.01,69,100,7.38
382,San Sebastian Huehuetenango,GT,2022-07-14 01:20:17,15.3833,-91.5833,71.82,68,40,11.5
383,Talnakh,RU,2022-07-14 01:20:18,69.4865,88.3972,58.21,48,66,1.79
384,Bathsheba,BB,2022-07-14 01:20:18,13.2167,-59.5167,81.21,84,20,13.8
385,Bridlington,GB,2022-07-14 01:20:18,54.0831,-0.1919,57.88,78,7,8.08
386,Sassandra,CI,2022-07-14 01:20:19,4.95,-6.0833,74.57,87,100,6.4
387,Ouadda,CF,2022-07-14 01:20:19,8.0777,22.4007,66.04,96,100,2.3
388,Naron,ES,2022-07-14 01:20:20,43.5167,-8.1528,75.67,53,57,3.44
389,Awjilah,LY,2022-07-14 01:20:20,29.1081,21.2869,78.37,42,0,14.83
390,Abhar,IR,2022-07-14 01:20:20,36.1468,49.218,65.46,58,0,4.45
391,Kavieng,PG,2022-07-14 01:20:21,-2.5744,150.7967,84.07,70,100,6.06
392,Ilhabela,BR,2022-07-14 01:20:21,-23.7781,-45.3581,66.7,93,100,8.14
393,Mbengwi,CM,2022-07-14 01:20:21,6.0167,10.0,63.28,98,100,3.29
394,Pemangkat,ID,2022-07-14 01:20:22,1.1667,108.9667,79.25,76,100,5.66
395,Zafra,ES,2022-07-14 01:20:22,38.4167,-6.4167,81.81,22,0,1.61
396,Vrises,GR,2022-07-14 01:20:23,35.492,23.8899,74.19,63,0,5.17
397,Krasnoselkup,RU,2022-07-14 01:18:48,65.7,82.4667,56.28,57,90,8.61
398,Avera,US,2022-07-14 01:20:23,33.194,-82.5271,72.91,86,94,7.54
399,Byron Bay,AU,2022-07-14 01:20:23,-28.65,153.6167,60.94,68,80,19.55
400,Chernyshevskiy,RU,2022-07-14 01:20:24,63.0128,112.4714,62.13,50,86,4.56
401,San Carlos De Bariloche,AR,2022-07-14 01:16:32,-41.1456,-71.3082,28.15,86,75,5.75
402,Aketi,CD,2022-07-14 01:20:24,2.7388,23.7833,70.88,96,100,0.85
403,Wolomin,PL,2022-07-14 01:20:25,52.3401,21.2421,67.06,79,28,6.53
404,Yuksekova,TR,2022-07-14 01:20:25,37.5736,44.2872,51.55,82,0,2.3
405,Sao Paulo De Olivenca,BR,2022-07-14 01:20:25,-3.3783,-68.8725,74.8,90,72,1.07
406,Bosaso,SO,2022-07-14 01:20:26,11.2842,49.1816,90.34,34,34,24.16
407,Aksum,ET,2022-07-14 01:20:26,14.1245,38.7244,57.33,87,100,3.87
408,Batemans Bay,AU,2022-07-14 01:20:16,-35.7167,150.1833,55.09,51,31,11.74
409,Bastia,FR,2022-07-14 01:20:26,42.6667,9.3333,75.29,75,0,3.44
410,Cairns,AU,2022-07-14 01:20:27,-16.9167,145.7667,71.11,41,8,16.11
411,Vestmanna,FO,2022-07-14 01:20:27,62.1564,-7.1664,47.32,87,100,16.11
412,Kilindoni,TZ,2022-07-14 01:20:27,-7.9139,39.6668,77.13,77,100,15.75
413,Hvide Sande,DK,2022-07-14 01:20:28,56.0045,8.1294,57.09,69,8,21.56
414,Wattegama,LK,2022-07-14 01:18:57,6.7989,81.4808,76.75,67,42,8.7
415,Inta,RU,2022-07-14 01:20:28,66.0317,60.1659,68.16,81,35,3.04
416,Dabakala,CI,2022-07-14 01:21:29,8.3667,-4.4333,72.18,94,100,6.96
417,Morondava,MG,2022-07-14 01:21:29,-20.2833,44.2833,68.67,46,0,8.97
418,Ulladulla,AU,2022-07-14 01:21:29,-35.35,150.4667,55.04,59,58,15.97
419,Carballo,ES,2022-07-14 01:21:30,43.213,-8.691,74.52,85,39,3.22
420,Soyo,AO,2022-07-14 01:21:30,-6.1349,12.3689,68.67,93,17,5.55
421,Rio Gallegos,AR,2022-07-14 01:21:30,-51.6226,-69.2181,35.65,80,75,10.36
422,Forestville,US,2022-07-14 01:16:38,38.8451,-76.875,83.61,73,75,6.91
423,Poso,ID,2022-07-14 01:21:31,-1.3959,120.7524,78.85,85,100,1.95
424,Atar,MR,2022-07-14 01:17:30,20.5169,-13.0499,92.48,32,0,8.3
425,Ternate,ID,2022-07-14 01:21:31,0.8,127.4,81.03,78,85,1.86
426,Phonhong,LA,2022-07-14 01:21:32,18.5007,102.4166,78.19,92,100,3.2
427,Morant Bay,JM,2022-07-14 01:21:32,17.8815,-76.4093,83.82,88,6,7.74
428,Portland,US,2022-07-14 01:20:20,45.5234,-122.6762,81.52,46,20,8.05
429,Mantua,IT,2022-07-14 01:21:32,45.1667,10.7833,74.44,74,82,3.0
430,Saint-Georges,GD,2022-07-14 01:21:33,12.0564,-61.7485,78.48,83,20,8.05
431,Merthyr Tydfil,GB,2022-07-14 01:21:33,51.7479,-3.3778,57.27,80,100,7.0
432,Sao Jose Da Coroa Grande,BR,2022-07-14 01:18:49,-8.8978,-35.1478,74.79,83,5,8.48
433,Batagay,RU,2022-07-14 01:21:33,67.6333,134.6333,64.11,52,8,2.68
434,Hovd,MN,2022-07-14 01:21:34,48.0056,91.6419,56.98,62,0,3.98
435,Nelson Bay,AU,2022-07-14 01:18:48,-32.7167,152.15,55.45,93,99,11.01
436,Luang Prabang,LA,2022-07-14 01:21:34,19.8856,102.1347,78.76,89,100,0.0
437,Pierre,US,2022-07-14 01:21:34,44.3683,-100.351,85.86,53,0,14.97
438,Burley,US,2022-07-14 01:21:26,42.5357,-113.7928,92.3,29,0,5.75
439,Gao,ML,2022-07-14 01:21:35,16.6362,1.637,84.38,52,62,16.33
440,Corner Brook,CA,2022-07-14 01:21:35,48.9667,-57.9484,60.96,82,8,8.39
441,Osvaldo Cruz,BR,2022-07-14 01:21:35,-21.7967,-50.8786,68.7,63,51,12.15
442,Nara,JP,2022-07-14 01:21:36,34.6851,135.8049,83.5,57,100,6.58
443,Fukue,JP,2022-07-14 01:21:36,32.6881,128.8419,84.56,84,75,12.66
444,Camalu,MX,2022-07-14 01:21:36,30.85,-116.0667,68.99,74,7,10.85
445,Batagay-Alyta,RU,2022-07-14 01:21:37,67.8006,130.4114,65.03,56,15,7.2
446,Maralal,KE,2022-07-14 01:21:37,1.0968,36.698,54.72,71,100,4.23
447,Rodeo,US,2022-07-14 01:21:37,38.033,-122.2669,87.3,68,0,12.66
448,Arkhara,RU,2022-07-14 01:21:38,49.4212,130.0842,77.23,67,100,9.75
449,Tevaitoa,PF,2022-07-14 01:17:10,-16.7833,-151.5,78.08,70,100,19.91
450,Pavlikeni,BG,2022-07-14 01:21:38,43.2428,25.3219,58.68,49,0,4.99
451,Maumere,ID,2022-07-14 01:21:38,-8.6199,122.2111,78.35,71,100,7.07
452,Zharkent,KZ,2022-07-14 01:21:39,44.1628,80.0,69.66,47,0,5.86
453,Manaus,BR,2022-07-14 01:20:12,-3.1019,-60.025,84.69,70,0,6.91
454,Punta Alta,AR,2022-07-14 01:21:39,-38.8759,-62.0736,46.15,60,100,11.01
455,Xining,CN,2022-07-14 01:21:39,36.6167,101.7667,65.98,67,100,2.26
456,Arkhipo-Osipovka,RU,2022-07-14 01:21:40,44.37,38.52,66.04,63,4,5.44
457,Meulaboh,ID,2022-07-14 01:21:40,4.1363,96.1285,77.92,86,20,5.84
458,Port Hardy,CA,2022-07-14 01:21:40,50.6996,-127.4199,53.6,79,100,10.16
459,Gawler,AU,2022-07-14 01:21:41,-34.6,138.7333,56.21,70,0,1.77
460,Digby,CA,2022-07-14 01:21:41,44.6169,-65.7655,67.15,95,50,6.4
461,Luanda,AO,2022-07-14 01:21:41,-8.8368,13.2343,68.0,94,40,3.44
462,Tomatlan,MX,2022-07-14 01:22:42,19.9333,-105.25,80.64,84,100,3.09
463,Lacombe,CA,2022-07-14 01:22:42,52.4668,-113.7353,70.34,87,93,10.54
464,Awbari,LY,2022-07-14 01:22:42,26.5921,12.7805,75.88,28,1,7.9
465,Valparaiso,CL,2022-07-14 01:22:13,-33.0393,-71.6273,55.04,84,100,8.05
466,Shuangyang,CN,2022-07-14 01:22:43,43.5242,125.6736,66.49,97,100,10.47
467,Gladstone,AU,2022-07-14 01:19:13,-23.85,151.25,60.73,33,0,8.05
468,Stare Mesto,CZ,2022-07-14 01:22:43,50.087,14.4202,73.31,51,0,10.36
469,Luena,AO,2022-07-14 01:22:43,-11.7833,19.9167,50.63,57,0,4.72
470,Yulara,AU,2022-07-14 01:22:44,-25.2406,130.9889,55.24,47,0,17.27
471,Portales,US,2022-07-14 01:22:44,34.1862,-103.3344,92.08,32,77,15.55
472,Nador,MA,2022-07-14 01:22:44,35.174,-2.9287,73.65,94,0,4.61
473,Katsuura,JP,2022-07-14 01:18:20,35.1333,140.3,76.68,88,100,14.63
474,Whitefish,US,2022-07-14 01:22:45,48.4111,-114.3376,78.42,54,0,4.61
475,Kaeo,NZ,2022-07-14 01:22:45,-35.1,173.7833,57.33,97,100,11.97
476,Estevan,CA,2022-07-14 01:21:21,49.1334,-102.9842,79.14,69,0,8.05
477,Caimito,CO,2022-07-14 01:22:46,8.8123,-75.4107,81.36,94,66,7.47
478,Namibe,AO,2022-07-14 01:22:46,-15.1961,12.1522,62.26,90,0,1.48
479,Kota Tinggi,MY,2022-07-14 01:22:46,1.7381,103.8999,85.14,67,100,1.05
480,Aksha,RU,2022-07-14 01:22:47,50.2814,113.2867,72.45,42,0,2.98
481,Darhan,MN,2022-07-14 01:22:47,49.4867,105.9228,71.62,47,100,5.99
482,Hastings,GB,2022-07-14 01:22:47,50.8552,0.5729,64.33,94,100,11.61
483,Padang,ID,2022-07-14 01:22:48,-0.9492,100.3543,80.65,79,58,2.55
484,Karasjok,NO,2022-07-14 01:21:20,69.4719,25.5112,59.58,98,100,4.0
485,Tommot,RU,2022-07-14 01:22:48,58.9564,126.2925,65.93,88,100,0.27
486,Daru,PG,2022-07-14 01:22:48,-9.0763,143.2092,77.94,73,100,17.98
487,Tonala,MX,2022-07-14 01:21:36,20.6167,-103.2333,79.72,47,40,3.44
488,Vao,NC,2022-07-14 01:22:49,-22.6667,167.4833,71.87,73,95,29.46
489,Fayaoue,NC,2022-07-14 01:22:49,-20.65,166.5333,75.61,75,98,13.78
490,Winslow,US,2022-07-14 01:22:49,35.0242,-110.6974,78.98,47,100,17.27
491,Baruun-Urt,MN,2022-07-14 01:22:50,46.6806,113.2792,71.67,43,1,10.29
492,Macia,MZ,2022-07-14 01:22:50,-25.0269,33.0989,59.86,60,0,6.69
493,Honiara,SB,2022-07-14 01:22:50,-9.4333,159.95,87.58,57,50,5.17
494,Lasa,IT,2022-07-14 01:22:51,46.6166,10.7002,70.68,69,100,2.75
495,Villa Maria,AR,2022-07-14 01:22:51,-32.4075,-63.2402,54.82,54,0,12.55
496,Mildura,AU,2022-07-14 01:22:51,-34.2,142.15,48.07,83,0,6.11
497,Yerbogachen,RU,2022-07-14 01:22:52,61.2767,108.0108,60.66,51,100,5.06
498,Yershov,RU,2022-07-14 01:22:52,51.3513,48.2766,73.0,62,100,9.8
499,Pauini,BR,2022-07-14 01:22:52,-7.7136,-66.9764,78.13,75,87,0.47
500,Farkhor,TJ,2022-07-14 01:22:53,37.4922,69.4036,74.73,30,0,5.68
501,Bilma,NE,2022-07-14 01:22:53,18.6853,12.9164,88.79,18,7,5.19
502,Ita,PY,2022-07-14 01:21:08,-25.4833,-57.35,67.82,79,100,2.57
503,Celestun,MX,2022-07-14 01:22:53,20.8667,-90.4,84.63,70,90,13.56
504,Grafenau,DE,2022-07-14 01:22:54,48.8577,13.3974,63.45,71,100,1.63
505,Saint-Tite,CA,2022-07-14 01:23:54,46.7334,-72.5658,70.03,60,100,5.19
506,Basco,PH,2022-07-14 01:23:54,20.4487,121.9702,84.65,74,56,8.43
507,Stokmarknes,NO,2022-07-14 01:23:55,68.5646,14.9108,53.58,87,100,2.3
508,Hohhot,CN,2022-07-14 01:19:20,40.8106,111.6522,79.09,36,0,6.71
509,Owando,CG,2022-07-14 01:23:55,-0.4819,15.8999,74.79,68,17,3.2
510,Ulcinj,ME,2022-07-14 01:23:55,41.9294,19.2244,73.62,54,0,10.54
511,Boguchany,RU,2022-07-14 01:23:56,58.3814,97.4531,58.03,80,12,4.45
512,Suntar,RU,2022-07-14 01:23:56,62.1444,117.6319,67.64,62,63,4.5
513,Plouzane,FR,2022-07-14 01:23:56,48.3833,-4.6167,60.85,100,0,9.22
514,Glace Bay,CA,2022-07-14 01:23:57,46.1969,-59.957,67.89,87,75,5.01
515,Madarounfa,NE,2022-07-14 01:23:57,13.3087,7.156,82.6,62,100,15.37
516,Hammerfest,NO,2022-07-14 01:23:57,70.6634,23.6821,55.85,100,20,0.0
517,Unguia,CO,2022-07-14 01:23:58,8.0434,-77.0945,80.62,97,100,0.94
518,Severo-Yeniseyskiy,RU,2022-07-14 01:23:58,60.3725,93.0408,51.51,71,52,2.55
519,Rocha,UY,2022-07-14 01:21:58,-34.4833,-54.3333,40.75,88,0,7.72
520,Turayf,SA,2022-07-14 01:23:58,31.6725,38.6637,73.65,49,0,9.22
521,Diapaga,BF,2022-07-14 01:23:59,12.0708,1.7889,77.07,79,100,5.73
522,Toyoake,JP,2022-07-14 01:23:59,35.0594,137.0137,85.84,74,100,7.81
523,Camacupa,AO,2022-07-14 01:23:59,-12.0167,17.4833,51.71,52,0,3.89
524,Longkou,CN,2022-07-14 01:24:00,37.6508,120.3286,78.48,83,86,6.82
525,Sozimskiy,RU,2022-07-14 01:24:00,59.7418,52.2482,65.21,96,20,2.48
526,Villa Bruzual,VE,2022-07-14 01:24:00,9.3328,-69.1208,74.88,81,92,0.94
527,Porto Torres,IT,2022-07-14 01:24:01,40.835,8.3972,73.58,78,0,1.88
528,Seoul,KR,2022-07-14 01:20:14,37.5683,126.9778,76.57,88,75,5.75
529,Puerto Escondido,MX,2022-07-14 01:24:01,15.85,-97.0667,81.19,80,100,1.34
530,Kirakira,SB,2022-07-14 01:24:01,-10.4544,161.9205,83.98,57,10,4.38
531,Fuente Palmera,ES,2022-07-14 01:24:02,37.7049,-5.0996,81.55,20,0,4.9
532,Minot,US,2022-07-14 01:24:02,48.2325,-101.2963,82.62,42,0,13.8
533,Abha,SA,2022-07-14 01:24:03,18.2164,42.5053,64.65,72,75,0.0
534,Humberto De Campos,BR,2022-07-14 01:24:03,-2.5983,-43.4611,74.32,95,13,4.32
535,Taltal,CL,2022-07-14 01:24:03,-25.4,-70.4833,54.75,80,24,4.34
536,Tiarei,PF,2022-07-14 01:23:12,-17.5333,-149.3333,82.42,71,48,19.66
537,Amalapuram,IN,2022-07-14 01:24:04,16.5833,82.0167,76.17,82,100,11.25
538,Boke,GN,2022-07-14 01:24:04,10.9409,-14.2967,75.7,96,100,2.93
539,Kansanshi,ZM,2022-07-14 01:24:05,-12.0951,26.4273,51.21,73,5,4.12
540,Cudahy,US,2022-07-14 01:24:05,33.9606,-118.1853,92.19,64,0,12.66
541,Suoyarvi,RU,2022-07-14 01:24:05,62.0833,32.35,54.36,82,23,4.47
542,Karaton,ID,2022-07-14 01:24:05,-6.3424,106.1045,77.52,85,62,1.07
543,Jambi,ID,2022-07-14 01:24:06,-1.6,103.6167,77.2,93,91,2.86
544,Akdepe,TM,2022-07-14 01:24:06,42.0551,59.3788,77.09,26,0,10.09
545,Payo,ID,2022-07-14 01:24:06,-3.7508,103.6372,77.45,85,81,1.36
546,Aksay,RU,2022-07-14 01:24:07,47.26,39.87,66.25,51,0,7.0
547,Olafsvik,IS,2022-07-14 01:24:07,64.8945,-23.7142,49.14,81,100,8.9
548,Monopoli,IT,2022-07-14 01:24:07,40.9559,17.2896,72.72,61,0,13.22
549,Nizhniy Odes,RU,2022-07-14 01:24:08,63.6445,54.856,68.4,73,42,3.71
550,Tocopilla,CL,2022-07-14 01:24:08,-22.092,-70.1979,58.51,72,96,2.33
551,Srednekolymsk,RU,2022-07-14 01:20:40,67.45,153.6833,66.04,46,61,13.65
552,Antalaha,MG,2022-07-14 01:24:08,-14.9003,50.2788,65.61,87,6,7.78
553,Houma,US,2022-07-14 01:25:09,29.5958,-90.7195,82.99,85,40,3.44
554,Roblin,CA,2022-07-14 01:25:09,51.23,-101.3565,72.25,80,0,10.67
555,Gimbi,ET,2022-07-14 01:25:09,9.1667,35.8333,55.38,96,100,2.53
556,Trincomalee,LK,2022-07-14 01:25:10,8.5711,81.2335,80.71,74,100,23.51
557,Moranbah,AU,2022-07-14 01:25:10,-22.0016,148.0466,57.02,42,0,15.66
558,Zhigansk,RU,2022-07-14 01:25:10,66.7697,123.3711,66.38,76,97,10.27
559,Grand Forks,US,2022-07-14 01:25:11,47.9417,-97.4337,80.33,41,0,8.05
560,Corn Island,NI,2022-07-14 01:25:11,12.1694,-83.0418,81.61,83,100,18.25
561,Yenagoa,NG,2022-07-14 01:25:11,4.9247,6.2642,73.63,94,100,3.69
562,Dunedin,NZ,2022-07-14 01:25:12,-45.8742,170.5036,48.79,78,100,15.01
563,Gorlitz,DE,2022-07-14 01:25:12,51.1552,14.9885,67.77,71,68,4.47
564,Libertador General San Martin,AR,2022-07-14 01:25:12,-23.8064,-64.7876,50.97,52,78,3.56
565,San Policarpo,PH,2022-07-14 01:25:13,12.1791,125.5072,83.12,79,84,3.65
566,Lafayette,US,2022-07-14 01:21:59,30.2335,-92.0668,86.13,79,0,9.22
567,Yarada,IN,2022-07-14 01:25:13,17.65,83.2667,79.12,78,75,10.36
568,Sakakah,SA,2022-07-14 01:25:14,29.9697,40.2064,87.37,24,2,13.02
